beta,blocks,label,rel_cut,seesaw_M,tol_rel_blocks,x,y
0.5,"[[0], [1], [2]]",split,0.15,1000000.0,0.03,0.6,0.5
0.5,"[[0], [1], [2]]",split,0.15,1000000.0,0.03,0.62,0.5
0.5,"[[0], [1], [2]]",split,0.15,1000000.0,0.03,0.64,0.5
0.5,"[[0], [1], [2]]",split,0.15,1000000.0,0.03,0.66,0.5
0.5,"[[0], [1], [2]]",split,0.15,1000000.0,0.03,0.68,0.5
0.5,"[[0], [1], [2]]",split,0.15,1000000.0,0.03,0.7,0.5
0.5,"[[0], [1], [2]]",split,0.15,1000000.0,0.03,0.72,0.5
0.5,"[[0], [1], [2]]",split,0.15,1000000.0,0.03,0.74,0.5
0.5,"[[0], [1], [2]]",split,0.15,1000000.0,0.03,0.76,0.5
0.5,"[[0], [1], [2]]",split,0.15,1000000.0,0.03,0.78,0.5
0.5,"[[0], [1], [2]]",split,0.15,1000000.0,0.03,0.8,0.5
0.5,"[[0], [1], [2]]",split,0.15,1000000.0,0.03,0.82,0.5
0.5,"[[0], [1], [2]]",split,0.15,1000000.0,0.03,0.84,0.5
0.5,"[[0], [1], [2]]",split,0.15,1000000.0,0.03,0.86,0.5
0.5,"[[0], [1], [2]]",split,0.15,1000000.0,0.03,0.88,0.5
0.5,"[[0], [1], [2]]",split,0.15,1000000.0,0.03,0.9,0.5
0.5,"[[0], [1], [2]]",split,0.15,1000000.0,0.03,0.92,0.5
0.5,"[[0], [1, 2]]",1⊕2,0.15,1000000.0,0.03,0.94,0.5
0.5,"[[0], [1, 2]]",1⊕2,0.15,1000000.0,0.03,0.96,0.5
0.5,"[[0], [1, 2]]",1⊕2,0.15,1000000.0,0.03,0.98,0.5
0.5,"[[0], [1, 2]]",1⊕2,0.15,1000000.0,0.03,1.0,0.5
0.5,"[[0], [1], [2]]",split,0.15,1000000.0,0.03,1.02,0.5
0.5,"[[0], [1], [2]]",split,0.15,1000000.0,0.03,1.04,0.5
0.5,"[[0], [1], [2]]",split,0.15,1000000.0,0.03,1.06,0.5
0.5,"[[0], [1], [2]]",split,0.15,1000000.0,0.03,1.08,0.5
0.5,"[[0], [1], [2]]",split,0.15,1000000.0,0.03,1.1,0.5
0.5,"[[0], [1], [2]]",split,0.15,1000000.0,0.03,1.12,0.5
0.5,"[[0], [1], [2]]",split,0.15,1000000.0,0.03,1.14,0.5
0.5,"[[0, 1], [2]]",1⊕2,0.15,1000000.0,0.03,1.16,0.5
0.5,"[[0, 1], [2]]",1⊕2,0.15,1000000.0,0.03,1.18,0.5
0.5,"[[0, 1], [2]]",1⊕2,0.15,1000000.0,0.03,1.2,0.5
0.6,"[[0], [1], [2]]",split,0.15,1000000.0,0.03,0.6,0.6
0.6,"[[0], [1], [2]]",split,0.15,1000000.0,0.03,0.62,0.6
0.6,"[[0], [1], [2]]",split,0.15,1000000.0,0.03,0.64,0.6
0.6,"[[0], [1], [2]]",split,0.15,1000000.0,0.03,0.66,0.6
0.6,"[[0], [1], [2]]",split,0.15,1000000.0,0.03,0.68,0.6
0.6,"[[0], [1], [2]]",split,0.15,1000000.0,0.03,0.7,0.6
0.6,"[[0], [1], [2]]",split,0.15,1000000.0,0.03,0.72,0.6
0.6,"[[0], [1], [2]]",split,0.15,1000000.0,0.03,0.74,0.6
0.6,"[[0], [1], [2]]",split,0.15,1000000.0,0.03,0.76,0.6
0.6,"[[0], [1], [2]]",split,0.15,1000000.0,0.03,0.78,0.6
0.6,"[[0], [1], [2]]",split,0.15,1000000.0,0.03,0.8,0.6
0.6,"[[0], [1], [2]]",split,0.15,1000000.0,0.03,0.82,0.6
0.6,"[[0], [1], [2]]",split,0.15,1000000.0,0.03,0.84,0.6
0.6,"[[0], [1], [2]]",split,0.15,1000000.0,0.03,0.86,0.6
0.6,"[[0], [1], [2]]",split,0.15,1000000.0,0.03,0.88,0.6
0.6,"[[0], [1], [2]]",split,0.15,1000000.0,0.03,0.9,0.6
0.6,"[[0], [1, 2]]",1⊕2,0.15,1000000.0,0.03,0.92,0.6
0.6,"[[0], [1, 2]]",1⊕2,0.15,1000000.0,0.03,0.94,0.6
0.6,"[[0], [1, 2]]",1⊕2,0.15,1000000.0,0.03,0.96,0.6
0.6,"[[0], [1, 2]]",1⊕2,0.15,1000000.0,0.03,0.98,0.6
0.6,"[[0], [1], [2]]",split,0.15,1000000.0,0.03,1.0,0.6
0.6,"[[0], [1], [2]]",split,0.15,1000000.0,0.03,1.02,0.6
0.6,"[[0], [1], [2]]",split,0.15,1000000.0,0.03,1.04,0.6
0.6,"[[0], [1], [2]]",split,0.15,1000000.0,0.03,1.06,0.6
0.6,"[[0], [1], [2]]",split,0.15,1000000.0,0.03,1.08,0.6
0.6,"[[0], [1], [2]]",split,0.15,1000000.0,0.03,1.1,0.6
0.6,"[[0], [1], [2]]",split,0.15,1000000.0,0.03,1.12,0.6
0.6,"[[0], [1], [2]]",split,0.15,1000000.0,0.03,1.14,0.6
0.6,"[[0], [1], [2]]",split,0.15,1000000.0,0.03,1.16,0.6
0.6,"[[0, 1], [2]]",1⊕2,0.15,1000000.0,0.03,1.18,0.6
0.6,"[[0, 1], [2]]",1⊕2,0.15,1000000.0,0.03,1.2,0.6
0.7,"[[0], [1], [2]]",split,0.15,1000000.0,0.03,0.6,0.7
0.7,"[[0], [1], [2]]",split,0.15,1000000.0,0.03,0.62,0.7
0.7,"[[0], [1], [2]]",split,0.15,1000000.0,0.03,0.64,0.7
0.7,"[[0], [1], [2]]",split,0.15,1000000.0,0.03,0.66,0.7
0.7,"[[0], [1], [2]]",split,0.15,1000000.0,0.03,0.68,0.7
0.7,"[[0], [1], [2]]",split,0.15,1000000.0,0.03,0.7,0.7
0.7,"[[0], [1], [2]]",split,0.15,1000000.0,0.03,0.72,0.7
0.7,"[[0], [1], [2]]",split,0.15,1000000.0,0.03,0.74,0.7
0.7,"[[0], [1], [2]]",split,0.15,1000000.0,0.03,0.76,0.7
0.7,"[[0], [1], [2]]",split,0.15,1000000.0,0.03,0.78,0.7
0.7,"[[0], [1], [2]]",split,0.15,1000000.0,0.03,0.8,0.7
0.7,"[[0], [1], [2]]",split,0.15,1000000.0,0.03,0.82,0.7
0.7,"[[0], [1], [2]]",split,0.15,1000000.0,0.03,0.84,0.7
0.7,"[[0], [1], [2]]",split,0.15,1000000.0,0.03,0.86,0.7
0.7,"[[0], [1], [2]]",split,0.15,1000000.0,0.03,0.88,0.7
0.7,"[[0], [1], [2]]",split,0.15,1000000.0,0.03,0.9,0.7
0.7,"[[0], [1, 2]]",1⊕2,0.15,1000000.0,0.03,0.92,0.7
0.7,"[[0], [1, 2]]",1⊕2,0.15,1000000.0,0.03,0.94,0.7
0.7,"[[0], [1, 2]]",1⊕2,0.15,1000000.0,0.03,0.96,0.7
0.7,"[[0], [1, 2]]",1⊕2,0.15,1000000.0,0.03,0.98,0.7
0.7,"[[0], [1], [2]]",split,0.15,1000000.0,0.03,1.0,0.7
0.7,"[[0], [1, 2]]",1⊕2,0.15,1000000.0,0.03,1.02,0.7
0.7,"[[0], [1], [2]]",split,0.15,1000000.0,0.03,1.04,0.7
0.7,"[[0], [1], [2]]",split,0.15,1000000.0,0.03,1.06,0.7
0.7,"[[0], [1], [2]]",split,0.15,1000000.0,0.03,1.08,0.7
0.7,"[[0], [1], [2]]",split,0.15,1000000.0,0.03,1.1,0.7
0.7,"[[0, 1], [2]]",1⊕2,0.15,1000000.0,0.03,1.12,0.7
0.7,"[[0, 1], [2]]",1⊕2,0.15,1000000.0,0.03,1.14,0.7
0.7,"[[0, 1], [2]]",1⊕2,0.15,1000000.0,0.03,1.16,0.7
0.7,"[[0, 1], [2]]",1⊕2,0.15,1000000.0,0.03,1.18,0.7
0.7,"[[0], [1], [2]]",split,0.15,1000000.0,0.03,1.2,0.7
0.8,"[[0], [1], [2]]",split,0.15,1000000.0,0.03,0.6,0.8
0.8,"[[0], [1], [2]]",split,0.15,1000000.0,0.03,0.62,0.8
0.8,"[[0], [1], [2]]",split,0.15,1000000.0,0.03,0.64,0.8
0.8,"[[0], [1], [2]]",split,0.15,1000000.0,0.03,0.66,0.8
0.8,"[[0], [1], [2]]",split,0.15,1000000.0,0.03,0.68,0.8
0.8,"[[0], [1], [2]]",split,0.15,1000000.0,0.03,0.7,0.8
0.8,"[[0], [1], [2]]",split,0.15,1000000.0,0.03,0.72,0.8
0.8,"[[0], [1], [2]]",split,0.15,1000000.0,0.03,0.74,0.8
0.8,"[[0], [1], [2]]",split,0.15,1000000.0,0.03,0.76,0.8
0.8,"[[0], [1], [2]]",split,0.15,1000000.0,0.03,0.78,0.8
0.8,"[[0], [1], [2]]",split,0.15,1000000.0,0.03,0.8,0.8
0.8,"[[0], [1], [2]]",split,0.15,1000000.0,0.03,0.82,0.8
0.8,"[[0], [1], [2]]",split,0.15,1000000.0,0.03,0.84,0.8
0.8,"[[0], [1], [2]]",split,0.15,1000000.0,0.03,0.86,0.8
0.8,"[[0], [1], [2]]",split,0.15,1000000.0,0.03,0.88,0.8
0.8,"[[0], [1], [2]]",split,0.15,1000000.0,0.03,0.9,0.8
0.8,"[[0], [1], [2]]",split,0.15,1000000.0,0.03,0.92,0.8
0.8,"[[0], [1, 2]]",1⊕2,0.15,1000000.0,0.03,0.94,0.8
0.8,"[[0], [1, 2]]",1⊕2,0.15,1000000.0,0.03,0.96,0.8
0.8,"[[0], [1, 2]]",1⊕2,0.15,1000000.0,0.03,0.98,0.8
0.8,"[[0], [1], [2]]",split,0.15,1000000.0,0.03,1.0,0.8
0.8,"[[0], [1], [2]]",split,0.15,1000000.0,0.03,1.02,0.8
0.8,"[[0], [1], [2]]",split,0.15,1000000.0,0.03,1.04,0.8
0.8,"[[0, 1], [2]]",1⊕2,0.15,1000000.0,0.03,1.06,0.8
0.8,"[[0, 1], [2]]",1⊕2,0.15,1000000.0,0.03,1.08,0.8
0.8,"[[0, 1], [2]]",1⊕2,0.15,1000000.0,0.03,1.1,0.8
0.8,"[[0, 1], [2]]",1⊕2,0.15,1000000.0,0.03,1.12,0.8
0.8,"[[0], [1], [2]]",split,0.15,1000000.0,0.03,1.14,0.8
0.8,"[[0], [1], [2]]",split,0.15,1000000.0,0.03,1.16,0.8
0.8,"[[0], [1], [2]]",split,0.15,1000000.0,0.03,1.18,0.8
0.8,"[[0], [1], [2]]",split,0.15,1000000.0,0.03,1.2,0.8
0.9,"[[0], [1], [2]]",split,0.15,1000000.0,0.03,0.6,0.9
0.9,"[[0], [1], [2]]",split,0.15,1000000.0,0.03,0.62,0.9
0.9,"[[0], [1], [2]]",split,0.15,1000000.0,0.03,0.64,0.9
0.9,"[[0], [1], [2]]",split,0.15,1000000.0,0.03,0.66,0.9
0.9,"[[0], [1], [2]]",split,0.15,1000000.0,0.03,0.68,0.9
0.9,"[[0], [1], [2]]",split,0.15,1000000.0,0.03,0.7,0.9
0.9,"[[0], [1], [2]]",split,0.15,1000000.0,0.03,0.72,0.9
0.9,"[[0], [1], [2]]",split,0.15,1000000.0,0.03,0.74,0.9
0.9,"[[0], [1], [2]]",split,0.15,1000000.0,0.03,0.76,0.9
0.9,"[[0], [1], [2]]",split,0.15,1000000.0,0.03,0.78,0.9
0.9,"[[0], [1], [2]]",split,0.15,1000000.0,0.03,0.8,0.9
0.9,"[[0], [1], [2]]",split,0.15,1000000.0,0.03,0.82,0.9
0.9,"[[0], [1], [2]]",split,0.15,1000000.0,0.03,0.84,0.9
0.9,"[[0], [1], [2]]",split,0.15,1000000.0,0.03,0.86,0.9
0.9,"[[0], [1], [2]]",split,0.15,1000000.0,0.03,0.88,0.9
0.9,"[[0], [1], [2]]",split,0.15,1000000.0,0.03,0.9,0.9
0.9,"[[0], [1, 2]]",1⊕2,0.15,1000000.0,0.03,0.92,0.9
0.9,"[[0], [1, 2]]",1⊕2,0.15,1000000.0,0.03,0.94,0.9
0.9,"[[0], [1, 2]]",1⊕2,0.15,1000000.0,0.03,0.96,0.9
0.9,"[[0], [1], [2]]",split,0.15,1000000.0,0.03,0.98,0.9
0.9,"[[0], [1], [2]]",split,0.15,1000000.0,0.03,1.0,0.9
0.9,"[[0, 1], [2]]",1⊕2,0.15,1000000.0,0.03,1.02,0.9
0.9,"[[0, 1], [2]]",1⊕2,0.15,1000000.0,0.03,1.04,0.9
0.9,"[[0, 1], [2]]",1⊕2,0.15,1000000.0,0.03,1.06,0.9
0.9,"[[0, 1], [2]]",1⊕2,0.15,1000000.0,0.03,1.08,0.9
0.9,"[[0], [1], [2]]",split,0.15,1000000.0,0.03,1.1,0.9
0.9,"[[0], [1], [2]]",split,0.15,1000000.0,0.03,1.12,0.9
0.9,"[[0], [1], [2]]",split,0.15,1000000.0,0.03,1.14,0.9
0.9,"[[0], [1], [2]]",split,0.15,1000000.0,0.03,1.16,0.9
0.9,"[[0], [1], [2]]",split,0.15,1000000.0,0.03,1.18,0.9
0.9,"[[0], [1], [2]]",split,0.15,1000000.0,0.03,1.2,0.9
1.0,"[[0], [1], [2]]",split,0.15,1000000.0,0.03,0.6,1.0
1.0,"[[0], [1], [2]]",split,0.15,1000000.0,0.03,0.62,1.0
1.0,"[[0], [1], [2]]",split,0.15,1000000.0,0.03,0.64,1.0
1.0,"[[0], [1], [2]]",split,0.15,1000000.0,0.03,0.66,1.0
1.0,"[[0], [1], [2]]",split,0.15,1000000.0,0.03,0.68,1.0
1.0,"[[0], [1], [2]]",split,0.15,1000000.0,0.03,0.7,1.0
1.0,"[[0], [1], [2]]",split,0.15,1000000.0,0.03,0.72,1.0
1.0,"[[0], [1], [2]]",split,0.15,1000000.0,0.03,0.74,1.0
1.0,"[[0], [1], [2]]",split,0.15,1000000.0,0.03,0.76,1.0
1.0,"[[0], [1], [2]]",split,0.15,1000000.0,0.03,0.78,1.0
1.0,"[[0], [1], [2]]",split,0.15,1000000.0,0.03,0.8,1.0
1.0,"[[0], [1], [2]]",split,0.15,1000000.0,0.03,0.82,1.0
1.0,"[[0], [1], [2]]",split,0.15,1000000.0,0.03,0.84,1.0
1.0,"[[0], [1], [2]]",split,0.15,1000000.0,0.03,0.86,1.0
1.0,"[[0], [1], [2]]",split,0.15,1000000.0,0.03,0.88,1.0
1.0,"[[0], [1, 2]]",1⊕2,0.15,1000000.0,0.03,0.9,1.0
1.0,"[[0], [1, 2]]",1⊕2,0.15,1000000.0,0.03,0.92,1.0
1.0,"[[0], [1, 2]]",1⊕2,0.15,1000000.0,0.03,0.94,1.0
1.0,"[[0], [1, 2]]",1⊕2,0.15,1000000.0,0.03,0.96,1.0
1.0,"[[0, 1], [2]]",1⊕2,0.15,1000000.0,0.03,0.98,1.0
1.0,"[[0, 1], [2]]",1⊕2,0.15,1000000.0,0.03,1.0,1.0
1.0,"[[0, 1], [2]]",1⊕2,0.15,1000000.0,0.03,1.02,1.0
1.0,"[[0, 1], [2]]",1⊕2,0.15,1000000.0,0.03,1.04,1.0
1.0,"[[0], [1], [2]]",split,0.15,1000000.0,0.03,1.06,1.0
1.0,"[[0], [1], [2]]",split,0.15,1000000.0,0.03,1.08,1.0
1.0,"[[0], [1], [2]]",split,0.15,1000000.0,0.03,1.1,1.0
1.0,"[[0], [1], [2]]",split,0.15,1000000.0,0.03,1.12,1.0
1.0,"[[0], [1], [2]]",split,0.15,1000000.0,0.03,1.14,1.0
1.0,"[[0], [1], [2]]",split,0.15,1000000.0,0.03,1.16,1.0
1.0,"[[0], [1], [2]]",split,0.15,1000000.0,0.03,1.18,1.0
1.0,"[[0], [1], [2]]",split,0.15,1000000.0,0.03,1.2,1.0
1.1,"[[0], [1], [2]]",split,0.15,1000000.0,0.03,0.6,1.1
1.1,"[[0], [1], [2]]",split,0.15,1000000.0,0.03,0.62,1.1
1.1,"[[0], [1], [2]]",split,0.15,1000000.0,0.03,0.64,1.1
1.1,"[[0], [1], [2]]",split,0.15,1000000.0,0.03,0.66,1.1
1.1,"[[0], [1], [2]]",split,0.15,1000000.0,0.03,0.68,1.1
1.1,"[[0], [1], [2]]",split,0.15,1000000.0,0.03,0.7,1.1
1.1,"[[0], [1], [2]]",split,0.15,1000000.0,0.03,0.72,1.1
1.1,"[[0], [1], [2]]",split,0.15,1000000.0,0.03,0.74,1.1
1.1,"[[0], [1], [2]]",split,0.15,1000000.0,0.03,0.76,1.1
1.1,"[[0], [1], [2]]",split,0.15,1000000.0,0.03,0.78,1.1
1.1,"[[0], [1], [2]]",split,0.15,1000000.0,0.03,0.8,1.1
1.1,"[[0], [1], [2]]",split,0.15,1000000.0,0.03,0.82,1.1
1.1,"[[0], [1], [2]]",split,0.15,1000000.0,0.03,0.84,1.1
1.1,"[[0], [1], [2]]",split,0.15,1000000.0,0.03,0.86,1.1
1.1,"[[0], [1], [2]]",split,0.15,1000000.0,0.03,0.88,1.1
1.1,"[[0], [1, 2]]",1⊕2,0.15,1000000.0,0.03,0.9,1.1
1.1,"[[0], [1, 2]]",1⊕2,0.15,1000000.0,0.03,0.92,1.1
1.1,"[[0], [1, 2]]",1⊕2,0.15,1000000.0,0.03,0.94,1.1
1.1,"[[0, 1], [2]]",1⊕2,0.15,1000000.0,0.03,0.96,1.1
1.1,"[[0, 1], [2]]",1⊕2,0.15,1000000.0,0.03,0.98,1.1
1.1,"[[0, 1], [2]]",1⊕2,0.15,1000000.0,0.03,1.0,1.1
1.1,"[[0], [1], [2]]",split,0.15,1000000.0,0.03,1.02,1.1
1.1,"[[0], [1], [2]]",split,0.15,1000000.0,0.03,1.04,1.1
1.1,"[[0], [1], [2]]",split,0.15,1000000.0,0.03,1.06,1.1
1.1,"[[0], [1], [2]]",split,0.15,1000000.0,0.03,1.08,1.1
1.1,"[[0], [1], [2]]",split,0.15,1000000.0,0.03,1.1,1.1
1.1,"[[0], [1], [2]]",split,0.15,1000000.0,0.03,1.12,1.1
1.1,"[[0], [1], [2]]",split,0.15,1000000.0,0.03,1.14,1.1
1.1,"[[0], [1], [2]]",split,0.15,1000000.0,0.03,1.16,1.1
1.1,"[[0], [1], [2]]",split,0.15,1000000.0,0.03,1.18,1.1
1.1,"[[0], [1], [2]]",split,0.15,1000000.0,0.03,1.2,1.1
1.2,"[[0], [1], [2]]",split,0.15,1000000.0,0.03,0.6,1.2
1.2,"[[0], [1], [2]]",split,0.15,1000000.0,0.03,0.62,1.2
1.2,"[[0], [1], [2]]",split,0.15,1000000.0,0.03,0.64,1.2
1.2,"[[0], [1], [2]]",split,0.15,1000000.0,0.03,0.66,1.2
1.2,"[[0], [1], [2]]",split,0.15,1000000.0,0.03,0.68,1.2
1.2,"[[0], [1], [2]]",split,0.15,1000000.0,0.03,0.7,1.2
1.2,"[[0], [1], [2]]",split,0.15,1000000.0,0.03,0.72,1.2
1.2,"[[0], [1], [2]]",split,0.15,1000000.0,0.03,0.74,1.2
1.2,"[[0], [1], [2]]",split,0.15,1000000.0,0.03,0.76,1.2
1.2,"[[0], [1], [2]]",split,0.15,1000000.0,0.03,0.78,1.2
1.2,"[[0], [1], [2]]",split,0.15,1000000.0,0.03,0.8,1.2
1.2,"[[0], [1], [2]]",split,0.15,1000000.0,0.03,0.82,1.2
1.2,"[[0], [1], [2]]",split,0.15,1000000.0,0.03,0.84,1.2
1.2,"[[0], [1], [2]]",split,0.15,1000000.0,0.03,0.86,1.2
1.2,"[[0], [1, 2]]",1⊕2,0.15,1000000.0,0.03,0.88,1.2
1.2,"[[0], [1, 2]]",1⊕2,0.15,1000000.0,0.03,0.9,1.2
1.2,"[[0], [1, 2]]",1⊕2,0.15,1000000.0,0.03,0.92,1.2
1.2,"[[0, 1], [2]]",1⊕2,0.15,1000000.0,0.03,0.94,1.2
1.2,"[[0, 1], [2]]",1⊕2,0.15,1000000.0,0.03,0.96,1.2
1.2,"[[0, 1], [2]]",1⊕2,0.15,1000000.0,0.03,0.98,1.2
1.2,"[[0], [1], [2]]",split,0.15,1000000.0,0.03,1.0,1.2
1.2,"[[0], [1], [2]]",split,0.15,1000000.0,0.03,1.02,1.2
1.2,"[[0], [1], [2]]",split,0.15,1000000.0,0.03,1.04,1.2
1.2,"[[0], [1], [2]]",split,0.15,1000000.0,0.03,1.06,1.2
1.2,"[[0], [1], [2]]",split,0.15,1000000.0,0.03,1.08,1.2
1.2,"[[0], [1], [2]]",split,0.15,1000000.0,0.03,1.1,1.2
1.2,"[[0], [1], [2]]",split,0.15,1000000.0,0.03,1.12,1.2
1.2,"[[0], [1], [2]]",split,0.15,1000000.0,0.03,1.14,1.2
1.2,"[[0], [1], [2]]",split,0.15,1000000.0,0.03,1.16,1.2
1.2,"[[0], [1], [2]]",split,0.15,1000000.0,0.03,1.18,1.2
1.2,"[[0], [1], [2]]",split,0.15,1000000.0,0.03,1.2,1.2
1.3,"[[0], [1], [2]]",split,0.15,1000000.0,0.03,0.6,1.3
1.3,"[[0], [1], [2]]",split,0.15,1000000.0,0.03,0.62,1.3
1.3,"[[0], [1], [2]]",split,0.15,1000000.0,0.03,0.64,1.3
1.3,"[[0], [1], [2]]",split,0.15,1000000.0,0.03,0.66,1.3
1.3,"[[0], [1], [2]]",split,0.15,1000000.0,0.03,0.68,1.3
1.3,"[[0], [1], [2]]",split,0.15,1000000.0,0.03,0.7,1.3
1.3,"[[0], [1], [2]]",split,0.15,1000000.0,0.03,0.72,1.3
1.3,"[[0], [1], [2]]",split,0.15,1000000.0,0.03,0.74,1.3
1.3,"[[0], [1], [2]]",split,0.15,1000000.0,0.03,0.76,1.3
1.3,"[[0], [1], [2]]",split,0.15,1000000.0,0.03,0.78,1.3
1.3,"[[0], [1], [2]]",split,0.15,1000000.0,0.03,0.8,1.3
1.3,"[[0], [1], [2]]",split,0.15,1000000.0,0.03,0.82,1.3
1.3,"[[0], [1], [2]]",split,0.15,1000000.0,0.03,0.84,1.3
1.3,"[[0], [1, 2]]",1⊕2,0.15,1000000.0,0.03,0.86,1.3
1.3,"[[0], [1, 2]]",1⊕2,0.15,1000000.0,0.03,0.88,1.3
1.3,"[[0, 1, 2]]",3D,0.15,1000000.0,0.03,0.9,1.3
1.3,"[[0, 1], [2]]",1⊕2,0.15,1000000.0,0.03,0.92,1.3
1.3,"[[0, 1], [2]]",1⊕2,0.15,1000000.0,0.03,0.94,1.3
1.3,"[[0, 1], [2]]",1⊕2,0.15,1000000.0,0.03,0.96,1.3
1.3,"[[0], [1], [2]]",split,0.15,1000000.0,0.03,0.98,1.3
1.3,"[[0], [1], [2]]",split,0.15,1000000.0,0.03,1.0,1.3
1.3,"[[0], [1], [2]]",split,0.15,1000000.0,0.03,1.02,1.3
1.3,"[[0], [1], [2]]",split,0.15,1000000.0,0.03,1.04,1.3
1.3,"[[0], [1], [2]]",split,0.15,1000000.0,0.03,1.06,1.3
1.3,"[[0], [1], [2]]",split,0.15,1000000.0,0.03,1.08,1.3
1.3,"[[0], [1], [2]]",split,0.15,1000000.0,0.03,1.1,1.3
1.3,"[[0], [1], [2]]",split,0.15,1000000.0,0.03,1.12,1.3
1.3,"[[0], [1], [2]]",split,0.15,1000000.0,0.03,1.14,1.3
1.3,"[[0], [1], [2]]",split,0.15,1000000.0,0.03,1.16,1.3
1.3,"[[0], [1], [2]]",split,0.15,1000000.0,0.03,1.18,1.3
1.3,"[[0], [1], [2]]",split,0.15,1000000.0,0.03,1.2,1.3
1.4,"[[0], [1], [2]]",split,0.15,1000000.0,0.03,0.6,1.4
1.4,"[[0], [1], [2]]",split,0.15,1000000.0,0.03,0.62,1.4
1.4,"[[0], [1], [2]]",split,0.15,1000000.0,0.03,0.64,1.4
1.4,"[[0], [1], [2]]",split,0.15,1000000.0,0.03,0.66,1.4
1.4,"[[0], [1], [2]]",split,0.15,1000000.0,0.03,0.68,1.4
1.4,"[[0], [1], [2]]",split,0.15,1000000.0,0.03,0.7,1.4
1.4,"[[0], [1], [2]]",split,0.15,1000000.0,0.03,0.72,1.4
1.4,"[[0], [1], [2]]",split,0.15,1000000.0,0.03,0.74,1.4
1.4,"[[0], [1], [2]]",split,0.15,1000000.0,0.03,0.76,1.4
1.4,"[[0], [1], [2]]",split,0.15,1000000.0,0.03,0.78,1.4
1.4,"[[0], [1], [2]]",split,0.15,1000000.0,0.03,0.8,1.4
1.4,"[[0], [1], [2]]",split,0.15,1000000.0,0.03,0.82,1.4
1.4,"[[0], [1], [2]]",split,0.15,1000000.0,0.03,0.84,1.4
1.4,"[[0], [1, 2]]",1⊕2,0.15,1000000.0,0.03,0.86,1.4
1.4,"[[0, 1, 2]]",3D,0.15,1000000.0,0.03,0.88,1.4
1.4,"[[0, 1, 2]]",3D,0.15,1000000.0,0.03,0.9,1.4
1.4,"[[0, 1], [2]]",1⊕2,0.15,1000000.0,0.03,0.92,1.4
1.4,"[[0, 1], [2]]",1⊕2,0.15,1000000.0,0.03,0.94,1.4
1.4,"[[0], [1], [2]]",split,0.15,1000000.0,0.03,0.96,1.4
1.4,"[[0], [1], [2]]",split,0.15,1000000.0,0.03,0.98,1.4
1.4,"[[0], [1], [2]]",split,0.15,1000000.0,0.03,1.0,1.4
1.4,"[[0], [1], [2]]",split,0.15,1000000.0,0.03,1.02,1.4
1.4,"[[0], [1], [2]]",split,0.15,1000000.0,0.03,1.04,1.4
1.4,"[[0], [1], [2]]",split,0.15,1000000.0,0.03,1.06,1.4
1.4,"[[0], [1], [2]]",split,0.15,1000000.0,0.03,1.08,1.4
1.4,"[[0], [1], [2]]",split,0.15,1000000.0,0.03,1.1,1.4
1.4,"[[0], [1], [2]]",split,0.15,1000000.0,0.03,1.12,1.4
1.4,"[[0], [1], [2]]",split,0.15,1000000.0,0.03,1.14,1.4
1.4,"[[0], [1], [2]]",split,0.15,1000000.0,0.03,1.16,1.4
1.4,"[[0], [1], [2]]",split,0.15,1000000.0,0.03,1.18,1.4
1.4,"[[0], [1], [2]]",split,0.15,1000000.0,0.03,1.2,1.4
1.5,"[[0], [1], [2]]",split,0.15,1000000.0,0.03,0.6,1.5
1.5,"[[0], [1], [2]]",split,0.15,1000000.0,0.03,0.62,1.5
1.5,"[[0], [1], [2]]",split,0.15,1000000.0,0.03,0.64,1.5
1.5,"[[0], [1], [2]]",split,0.15,1000000.0,0.03,0.66,1.5
1.5,"[[0], [1], [2]]",split,0.15,1000000.0,0.03,0.68,1.5
1.5,"[[0], [1], [2]]",split,0.15,1000000.0,0.03,0.7,1.5
1.5,"[[0], [1], [2]]",split,0.15,1000000.0,0.03,0.72,1.5
1.5,"[[0], [1], [2]]",split,0.15,1000000.0,0.03,0.74,1.5
1.5,"[[0], [1], [2]]",split,0.15,1000000.0,0.03,0.76,1.5
1.5,"[[0, 1], [2]]",1⊕2,0.15,1000000.0,0.03,0.78,1.5
1.5,"[[0, 1], [2]]",1⊕2,0.15,1000000.0,0.03,0.8,1.5
1.5,"[[0, 1], [2]]",1⊕2,0.15,1000000.0,0.03,0.82,1.5
1.5,"[[0, 1, 2]]",3D,0.15,1000000.0,0.03,0.84,1.5
1.5,"[[0, 1, 2]]",3D,0.15,1000000.0,0.03,0.86,1.5
1.5,"[[0, 1, 2]]",3D,0.15,1000000.0,0.03,0.88,1.5
1.5,"[[0, 1], [2]]",1⊕2,0.15,1000000.0,0.03,0.9,1.5
1.5,"[[0, 1], [2]]",1⊕2,0.15,1000000.0,0.03,0.92,1.5
1.5,"[[0], [1], [2]]",split,0.15,1000000.0,0.03,0.94,1.5
1.5,"[[0], [1], [2]]",split,0.15,1000000.0,0.03,0.96,1.5
1.5,"[[0], [1], [2]]",split,0.15,1000000.0,0.03,0.98,1.5
1.5,"[[0], [1], [2]]",split,0.15,1000000.0,0.03,1.0,1.5
1.5,"[[0], [1], [2]]",split,0.15,1000000.0,0.03,1.02,1.5
1.5,"[[0], [1], [2]]",split,0.15,1000000.0,0.03,1.04,1.5
1.5,"[[0], [1], [2]]",split,0.15,1000000.0,0.03,1.06,1.5
1.5,"[[0], [1], [2]]",split,0.15,1000000.0,0.03,1.08,1.5
1.5,"[[0], [1], [2]]",split,0.15,1000000.0,0.03,1.1,1.5
1.5,"[[0], [1], [2]]",split,0.15,1000000.0,0.03,1.12,1.5
1.5,"[[0], [1], [2]]",split,0.15,1000000.0,0.03,1.14,1.5
1.5,"[[0], [1], [2]]",split,0.15,1000000.0,0.03,1.16,1.5
1.5,"[[0], [1], [2]]",split,0.15,1000000.0,0.03,1.18,1.5
1.5,"[[0], [1], [2]]",split,0.15,1000000.0,0.03,1.2,1.5
1.6,"[[0], [1], [2]]",split,0.15,1000000.0,0.03,0.6,1.6
1.6,"[[0], [1], [2]]",split,0.15,1000000.0,0.03,0.62,1.6
1.6,"[[0], [1], [2]]",split,0.15,1000000.0,0.03,0.64,1.6
1.6,"[[0], [1], [2]]",split,0.15,1000000.0,0.03,0.66,1.6
1.6,"[[0, 1], [2]]",1⊕2,0.15,1000000.0,0.03,0.68,1.6
1.6,"[[0, 1], [2]]",1⊕2,0.15,1000000.0,0.03,0.7,1.6
1.6,"[[0, 1], [2]]",1⊕2,0.15,1000000.0,0.03,0.72,1.6
1.6,"[[0, 1], [2]]",1⊕2,0.15,1000000.0,0.03,0.74,1.6
1.6,"[[0, 1], [2]]",1⊕2,0.15,1000000.0,0.03,0.76,1.6
1.6,"[[0, 1], [2]]",1⊕2,0.15,1000000.0,0.03,0.78,1.6
1.6,"[[0, 1], [2]]",1⊕2,0.15,1000000.0,0.03,0.8,1.6
1.6,"[[0, 1], [2]]",1⊕2,0.15,1000000.0,0.03,0.82,1.6
1.6,"[[0, 1, 2]]",3D,0.15,1000000.0,0.03,0.84,1.6
1.6,"[[0, 1, 2]]",3D,0.15,1000000.0,0.03,0.86,1.6
1.6,"[[0, 1], [2]]",1⊕2,0.15,1000000.0,0.03,0.88,1.6
1.6,"[[0, 1], [2]]",1⊕2,0.15,1000000.0,0.03,0.9,1.6
1.6,"[[0], [1], [2]]",split,0.15,1000000.0,0.03,0.92,1.6
1.6,"[[0], [1], [2]]",split,0.15,1000000.0,0.03,0.94,1.6
1.6,"[[0], [1], [2]]",split,0.15,1000000.0,0.03,0.96,1.6
1.6,"[[0], [1], [2]]",split,0.15,1000000.0,0.03,0.98,1.6
1.6,"[[0], [1], [2]]",split,0.15,1000000.0,0.03,1.0,1.6
1.6,"[[0], [1], [2]]",split,0.15,1000000.0,0.03,1.02,1.6
1.6,"[[0], [1], [2]]",split,0.15,1000000.0,0.03,1.04,1.6
1.6,"[[0], [1], [2]]",split,0.15,1000000.0,0.03,1.06,1.6
1.6,"[[0], [1], [2]]",split,0.15,1000000.0,0.03,1.08,1.6
1.6,"[[0], [1], [2]]",split,0.15,1000000.0,0.03,1.1,1.6
1.6,"[[0], [1], [2]]",split,0.15,1000000.0,0.03,1.12,1.6
1.6,"[[0], [1], [2]]",split,0.15,1000000.0,0.03,1.14,1.6
1.6,"[[0], [1], [2]]",split,0.15,1000000.0,0.03,1.16,1.6
1.6,"[[0], [1], [2]]",split,0.15,1000000.0,0.03,1.18,1.6
1.6,"[[0], [1], [2]]",split,0.15,1000000.0,0.03,1.2,1.6
1.7,"[[0], [1], [2]]",split,0.15,1000000.0,0.03,0.6,1.7
1.7,"[[0, 1], [2]]",1⊕2,0.15,1000000.0,0.03,0.62,1.7
1.7,"[[0, 1], [2]]",1⊕2,0.15,1000000.0,0.03,0.64,1.7
1.7,"[[0, 1], [2]]",1⊕2,0.15,1000000.0,0.03,0.66,1.7
1.7,"[[0, 1], [2]]",1⊕2,0.15,1000000.0,0.03,0.68,1.7
1.7,"[[0, 1], [2]]",1⊕2,0.15,1000000.0,0.03,0.7,1.7
1.7,"[[0, 1], [2]]",1⊕2,0.15,1000000.0,0.03,0.72,1.7
1.7,"[[0, 1], [2]]",1⊕2,0.15,1000000.0,0.03,0.74,1.7
1.7,"[[0, 1], [2]]",1⊕2,0.15,1000000.0,0.03,0.76,1.7
1.7,"[[0, 1], [2]]",1⊕2,0.15,1000000.0,0.03,0.78,1.7
1.7,"[[0, 1], [2]]",1⊕2,0.15,1000000.0,0.03,0.8,1.7
1.7,"[[0, 1, 2]]",3D,0.15,1000000.0,0.03,0.82,1.7
1.7,"[[0, 1, 2]]",3D,0.15,1000000.0,0.03,0.84,1.7
1.7,"[[0, 1, 2]]",3D,0.15,1000000.0,0.03,0.86,1.7
1.7,"[[0, 1], [2]]",1⊕2,0.15,1000000.0,0.03,0.88,1.7
1.7,"[[0, 1], [2]]",1⊕2,0.15,1000000.0,0.03,0.9,1.7
1.7,"[[0], [1], [2]]",split,0.15,1000000.0,0.03,0.92,1.7
1.7,"[[0], [1], [2]]",split,0.15,1000000.0,0.03,0.94,1.7
1.7,"[[0], [1], [2]]",split,0.15,1000000.0,0.03,0.96,1.7
1.7,"[[0], [1], [2]]",split,0.15,1000000.0,0.03,0.98,1.7
1.7,"[[0], [1], [2]]",split,0.15,1000000.0,0.03,1.0,1.7
1.7,"[[0], [1], [2]]",split,0.15,1000000.0,0.03,1.02,1.7
1.7,"[[0], [1], [2]]",split,0.15,1000000.0,0.03,1.04,1.7
1.7,"[[0], [1], [2]]",split,0.15,1000000.0,0.03,1.06,1.7
1.7,"[[0], [1], [2]]",split,0.15,1000000.0,0.03,1.08,1.7
1.7,"[[0], [1], [2]]",split,0.15,1000000.0,0.03,1.1,1.7
1.7,"[[0], [1], [2]]",split,0.15,1000000.0,0.03,1.12,1.7
1.7,"[[0], [1], [2]]",split,0.15,1000000.0,0.03,1.14,1.7
1.7,"[[0], [1], [2]]",split,0.15,1000000.0,0.03,1.16,1.7
1.7,"[[0], [1], [2]]",split,0.15,1000000.0,0.03,1.18,1.7
1.7,"[[0], [1], [2]]",split,0.15,1000000.0,0.03,1.2,1.7
1.8,"[[0, 1], [2]]",1⊕2,0.15,1000000.0,0.03,0.6,1.8
1.8,"[[0, 1], [2]]",1⊕2,0.15,1000000.0,0.03,0.62,1.8
1.8,"[[0, 1], [2]]",1⊕2,0.15,1000000.0,0.03,0.64,1.8
1.8,"[[0, 1], [2]]",1⊕2,0.15,1000000.0,0.03,0.66,1.8
1.8,"[[0, 1], [2]]",1⊕2,0.15,1000000.0,0.03,0.68,1.8
1.8,"[[0, 1], [2]]",1⊕2,0.15,1000000.0,0.03,0.7,1.8
1.8,"[[0, 1], [2]]",1⊕2,0.15,1000000.0,0.03,0.72,1.8
1.8,"[[0, 1], [2]]",1⊕2,0.15,1000000.0,0.03,0.74,1.8
1.8,"[[0, 1], [2]]",1⊕2,0.15,1000000.0,0.03,0.76,1.8
1.8,"[[0, 1], [2]]",1⊕2,0.15,1000000.0,0.03,0.78,1.8
1.8,"[[0], [1, 2]]",1⊕2,0.15,1000000.0,0.03,0.8,1.8
1.8,"[[0, 1, 2]]",3D,0.15,1000000.0,0.03,0.82,1.8
1.8,"[[0, 1, 2]]",3D,0.15,1000000.0,0.03,0.84,1.8
1.8,"[[0, 1], [2]]",1⊕2,0.15,1000000.0,0.03,0.86,1.8
1.8,"[[0, 1], [2]]",1⊕2,0.15,1000000.0,0.03,0.88,1.8
1.8,"[[0], [1], [2]]",split,0.15,1000000.0,0.03,0.9,1.8
1.8,"[[0], [1], [2]]",split,0.15,1000000.0,0.03,0.92,1.8
1.8,"[[0], [1], [2]]",split,0.15,1000000.0,0.03,0.94,1.8
1.8,"[[0], [1], [2]]",split,0.15,1000000.0,0.03,0.96,1.8
1.8,"[[0], [1], [2]]",split,0.15,1000000.0,0.03,0.98,1.8
1.8,"[[0], [1], [2]]",split,0.15,1000000.0,0.03,1.0,1.8
1.8,"[[0], [1], [2]]",split,0.15,1000000.0,0.03,1.02,1.8
1.8,"[[0], [1], [2]]",split,0.15,1000000.0,0.03,1.04,1.8
1.8,"[[0], [1], [2]]",split,0.15,1000000.0,0.03,1.06,1.8
1.8,"[[0], [1], [2]]",split,0.15,1000000.0,0.03,1.08,1.8
1.8,"[[0], [1], [2]]",split,0.15,1000000.0,0.03,1.1,1.8
1.8,"[[0], [1], [2]]",split,0.15,1000000.0,0.03,1.12,1.8
1.8,"[[0], [1], [2]]",split,0.15,1000000.0,0.03,1.14,1.8
1.8,"[[0], [1], [2]]",split,0.15,1000000.0,0.03,1.16,1.8
1.8,"[[0], [1], [2]]",split,0.15,1000000.0,0.03,1.18,1.8
1.8,"[[0], [1], [2]]",split,0.15,1000000.0,0.03,1.2,1.8
1.9,"[[0, 1], [2]]",1⊕2,0.15,1000000.0,0.03,0.6,1.9
1.9,"[[0, 1], [2]]",1⊕2,0.15,1000000.0,0.03,0.62,1.9
1.9,"[[0, 1], [2]]",1⊕2,0.15,1000000.0,0.03,0.64,1.9
1.9,"[[0, 1], [2]]",1⊕2,0.15,1000000.0,0.03,0.66,1.9
1.9,"[[0, 1], [2]]",1⊕2,0.15,1000000.0,0.03,0.68,1.9
1.9,"[[0, 1], [2]]",1⊕2,0.15,1000000.0,0.03,0.7,1.9
1.9,"[[0, 1], [2]]",1⊕2,0.15,1000000.0,0.03,0.72,1.9
1.9,"[[0], [1], [2]]",split,0.15,1000000.0,0.03,0.74,1.9
1.9,"[[0], [1], [2]]",split,0.15,1000000.0,0.03,0.76,1.9
1.9,"[[0], [1], [2]]",split,0.15,1000000.0,0.03,0.78,1.9
1.9,"[[0], [1, 2]]",1⊕2,0.15,1000000.0,0.03,0.8,1.9
1.9,"[[0, 1, 2]]",3D,0.15,1000000.0,0.03,0.82,1.9
1.9,"[[0, 1], [2]]",1⊕2,0.15,1000000.0,0.03,0.84,1.9
1.9,"[[0, 1], [2]]",1⊕2,0.15,1000000.0,0.03,0.86,1.9
1.9,"[[0, 1], [2]]",1⊕2,0.15,1000000.0,0.03,0.88,1.9
1.9,"[[0], [1], [2]]",split,0.15,1000000.0,0.03,0.9,1.9
1.9,"[[0], [1], [2]]",split,0.15,1000000.0,0.03,0.92,1.9
1.9,"[[0], [1], [2]]",split,0.15,1000000.0,0.03,0.94,1.9
1.9,"[[0], [1], [2]]",split,0.15,1000000.0,0.03,0.96,1.9
1.9,"[[0], [1], [2]]",split,0.15,1000000.0,0.03,0.98,1.9
1.9,"[[0], [1], [2]]",split,0.15,1000000.0,0.03,1.0,1.9
1.9,"[[0], [1], [2]]",split,0.15,1000000.0,0.03,1.02,1.9
1.9,"[[0], [1], [2]]",split,0.15,1000000.0,0.03,1.04,1.9
1.9,"[[0], [1], [2]]",split,0.15,1000000.0,0.03,1.06,1.9
1.9,"[[0], [1], [2]]",split,0.15,1000000.0,0.03,1.08,1.9
1.9,"[[0], [1], [2]]",split,0.15,1000000.0,0.03,1.1,1.9
1.9,"[[0], [1], [2]]",split,0.15,1000000.0,0.03,1.12,1.9
1.9,"[[0], [1], [2]]",split,0.15,1000000.0,0.03,1.14,1.9
1.9,"[[0], [1], [2]]",split,0.15,1000000.0,0.03,1.16,1.9
1.9,"[[0], [1], [2]]",split,0.15,1000000.0,0.03,1.18,1.9
1.9,"[[0], [1], [2]]",split,0.15,1000000.0,0.03,1.2,1.9
2.0,"[[0, 1], [2]]",1⊕2,0.15,1000000.0,0.03,0.6,2.0
2.0,"[[0, 1], [2]]",1⊕2,0.15,1000000.0,0.03,0.62,2.0
2.0,"[[0, 1], [2]]",1⊕2,0.15,1000000.0,0.03,0.64,2.0
2.0,"[[0, 1], [2]]",1⊕2,0.15,1000000.0,0.03,0.66,2.0
2.0,"[[0, 1], [2]]",1⊕2,0.15,1000000.0,0.03,0.68,2.0
2.0,"[[0], [1], [2]]",split,0.15,1000000.0,0.03,0.7,2.0
2.0,"[[0], [1], [2]]",split,0.15,1000000.0,0.03,0.72,2.0
2.0,"[[0], [1], [2]]",split,0.15,1000000.0,0.03,0.74,2.0
2.0,"[[0], [1], [2]]",split,0.15,1000000.0,0.03,0.76,2.0
2.0,"[[0], [1, 2]]",1⊕2,0.15,1000000.0,0.03,0.78,2.0
2.0,"[[0], [1, 2]]",1⊕2,0.15,1000000.0,0.03,0.8,2.0
2.0,"[[0, 1], [2]]",1⊕2,0.15,1000000.0,0.03,0.82,2.0
2.0,"[[0, 1], [2]]",1⊕2,0.15,1000000.0,0.03,0.84,2.0
2.0,"[[0, 1], [2]]",1⊕2,0.15,1000000.0,0.03,0.86,2.0
2.0,"[[0, 1], [2]]",1⊕2,0.15,1000000.0,0.03,0.88,2.0
2.0,"[[0], [1], [2]]",split,0.15,1000000.0,0.03,0.9,2.0
2.0,"[[0], [1], [2]]",split,0.15,1000000.0,0.03,0.92,2.0
2.0,"[[0], [1], [2]]",split,0.15,1000000.0,0.03,0.94,2.0
2.0,"[[0], [1], [2]]",split,0.15,1000000.0,0.03,0.96,2.0
2.0,"[[0], [1], [2]]",split,0.15,1000000.0,0.03,0.98,2.0
2.0,"[[0], [1], [2]]",split,0.15,1000000.0,0.03,1.0,2.0
2.0,"[[0], [1], [2]]",split,0.15,1000000.0,0.03,1.02,2.0
2.0,"[[0], [1], [2]]",split,0.15,1000000.0,0.03,1.04,2.0
2.0,"[[0], [1], [2]]",split,0.15,1000000.0,0.03,1.06,2.0
2.0,"[[0], [1], [2]]",split,0.15,1000000.0,0.03,1.08,2.0
2.0,"[[0], [1], [2]]",split,0.15,1000000.0,0.03,1.1,2.0
2.0,"[[0], [1], [2]]",split,0.15,1000000.0,0.03,1.12,2.0
2.0,"[[0], [1], [2]]",split,0.15,1000000.0,0.03,1.14,2.0
2.0,"[[0], [1], [2]]",split,0.15,1000000.0,0.03,1.16,2.0
2.0,"[[0], [1], [2]]",split,0.15,1000000.0,0.03,1.18,2.0
2.0,"[[0], [1], [2]]",split,0.15,1000000.0,0.03,1.2,2.0
2.1,"[[0, 1], [2]]",1⊕2,0.15,1000000.0,0.03,0.6,2.1
2.1,"[[0, 1], [2]]",1⊕2,0.15,1000000.0,0.03,0.62,2.1
2.1,"[[0, 1], [2]]",1⊕2,0.15,1000000.0,0.03,0.64,2.1
2.1,"[[0], [1], [2]]",split,0.15,1000000.0,0.03,0.66,2.1
2.1,"[[0], [1], [2]]",split,0.15,1000000.0,0.03,0.68,2.1
2.1,"[[0], [1], [2]]",split,0.15,1000000.0,0.03,0.7,2.1
2.1,"[[0], [1], [2]]",split,0.15,1000000.0,0.03,0.72,2.1
2.1,"[[0], [1], [2]]",split,0.15,1000000.0,0.03,0.74,2.1
2.1,"[[0], [1, 2]]",1⊕2,0.15,1000000.0,0.03,0.76,2.1
2.1,"[[0], [1, 2]]",1⊕2,0.15,1000000.0,0.03,0.78,2.1
2.1,"[[0, 1, 2]]",3D,0.15,1000000.0,0.03,0.8,2.1
2.1,"[[0, 1], [2]]",1⊕2,0.15,1000000.0,0.03,0.82,2.1
2.1,"[[0, 1], [2]]",1⊕2,0.15,1000000.0,0.03,0.84,2.1
2.1,"[[0, 1], [2]]",1⊕2,0.15,1000000.0,0.03,0.86,2.1
2.1,"[[0], [1], [2]]",split,0.15,1000000.0,0.03,0.88,2.1
2.1,"[[0], [1], [2]]",split,0.15,1000000.0,0.03,0.9,2.1
2.1,"[[0], [1], [2]]",split,0.15,1000000.0,0.03,0.92,2.1
2.1,"[[0], [1], [2]]",split,0.15,1000000.0,0.03,0.94,2.1
2.1,"[[0], [1], [2]]",split,0.15,1000000.0,0.03,0.96,2.1
2.1,"[[0], [1], [2]]",split,0.15,1000000.0,0.03,0.98,2.1
2.1,"[[0], [1], [2]]",split,0.15,1000000.0,0.03,1.0,2.1
2.1,"[[0], [1], [2]]",split,0.15,1000000.0,0.03,1.02,2.1
2.1,"[[0], [1], [2]]",split,0.15,1000000.0,0.03,1.04,2.1
2.1,"[[0], [1], [2]]",split,0.15,1000000.0,0.03,1.06,2.1
2.1,"[[0], [1], [2]]",split,0.15,1000000.0,0.03,1.08,2.1
2.1,"[[0], [1], [2]]",split,0.15,1000000.0,0.03,1.1,2.1
2.1,"[[0], [1], [2]]",split,0.15,1000000.0,0.03,1.12,2.1
2.1,"[[0], [1], [2]]",split,0.15,1000000.0,0.03,1.14,2.1
2.1,"[[0], [1], [2]]",split,0.15,1000000.0,0.03,1.16,2.1
2.1,"[[0], [1], [2]]",split,0.15,1000000.0,0.03,1.18,2.1
2.1,"[[0], [1], [2]]",split,0.15,1000000.0,0.03,1.2,2.1
2.2,"[[0, 1], [2]]",1⊕2,0.15,1000000.0,0.03,0.6,2.2
2.2,"[[0, 1], [2]]",1⊕2,0.15,1000000.0,0.03,0.62,2.2
2.2,"[[0], [1], [2]]",split,0.15,1000000.0,0.03,0.64,2.2
2.2,"[[0], [1], [2]]",split,0.15,1000000.0,0.03,0.66,2.2
2.2,"[[0], [1], [2]]",split,0.15,1000000.0,0.03,0.68,2.2
2.2,"[[0], [1], [2]]",split,0.15,1000000.0,0.03,0.7,2.2
2.2,"[[0], [1], [2]]",split,0.15,1000000.0,0.03,0.72,2.2
2.2,"[[0], [1], [2]]",split,0.15,1000000.0,0.03,0.74,2.2
2.2,"[[0], [1, 2]]",1⊕2,0.15,1000000.0,0.03,0.76,2.2
2.2,"[[0], [1, 2]]",1⊕2,0.15,1000000.0,0.03,0.78,2.2
2.2,"[[0, 1], [2]]",1⊕2,0.15,1000000.0,0.03,0.8,2.2
2.2,"[[0, 1], [2]]",1⊕2,0.15,1000000.0,0.03,0.82,2.2
2.2,"[[0, 1], [2]]",1⊕2,0.15,1000000.0,0.03,0.84,2.2
2.2,"[[0, 1], [2]]",1⊕2,0.15,1000000.0,0.03,0.86,2.2
2.2,"[[0], [1], [2]]",split,0.15,1000000.0,0.03,0.88,2.2
2.2,"[[0], [1], [2]]",split,0.15,1000000.0,0.03,0.9,2.2
2.2,"[[0], [1], [2]]",split,0.15,1000000.0,0.03,0.92,2.2
2.2,"[[0], [1], [2]]",split,0.15,1000000.0,0.03,0.94,2.2
2.2,"[[0], [1], [2]]",split,0.15,1000000.0,0.03,0.96,2.2
2.2,"[[0], [1], [2]]",split,0.15,1000000.0,0.03,0.98,2.2
2.2,"[[0], [1], [2]]",split,0.15,1000000.0,0.03,1.0,2.2
2.2,"[[0], [1], [2]]",split,0.15,1000000.0,0.03,1.02,2.2
2.2,"[[0], [1], [2]]",split,0.15,1000000.0,0.03,1.04,2.2
2.2,"[[0], [1], [2]]",split,0.15,1000000.0,0.03,1.06,2.2
2.2,"[[0], [1], [2]]",split,0.15,1000000.0,0.03,1.08,2.2
2.2,"[[0], [1], [2]]",split,0.15,1000000.0,0.03,1.1,2.2
2.2,"[[0], [1], [2]]",split,0.15,1000000.0,0.03,1.12,2.2
2.2,"[[0], [1], [2]]",split,0.15,1000000.0,0.03,1.14,2.2
2.2,"[[0], [1], [2]]",split,0.15,1000000.0,0.03,1.16,2.2
2.2,"[[0], [1], [2]]",split,0.15,1000000.0,0.03,1.18,2.2
2.2,"[[0], [1], [2]]",split,0.15,1000000.0,0.03,1.2,2.2
2.3,"[[0], [1], [2]]",split,0.15,1000000.0,0.03,0.6,2.3
2.3,"[[0], [1], [2]]",split,0.15,1000000.0,0.03,0.62,2.3
2.3,"[[0], [1], [2]]",split,0.15,1000000.0,0.03,0.64,2.3
2.3,"[[0], [1], [2]]",split,0.15,1000000.0,0.03,0.66,2.3
2.3,"[[0], [1], [2]]",split,0.15,1000000.0,0.03,0.68,2.3
2.3,"[[0], [1], [2]]",split,0.15,1000000.0,0.03,0.7,2.3
2.3,"[[0], [1], [2]]",split,0.15,1000000.0,0.03,0.72,2.3
2.3,"[[0], [1, 2]]",1⊕2,0.15,1000000.0,0.03,0.74,2.3
2.3,"[[0], [1, 2]]",1⊕2,0.15,1000000.0,0.03,0.76,2.3
2.3,"[[0], [1, 2]]",1⊕2,0.15,1000000.0,0.03,0.78,2.3
2.3,"[[0, 1], [2]]",1⊕2,0.15,1000000.0,0.03,0.8,2.3
2.3,"[[0, 1], [2]]",1⊕2,0.15,1000000.0,0.03,0.82,2.3
2.3,"[[0, 1], [2]]",1⊕2,0.15,1000000.0,0.03,0.84,2.3
2.3,"[[0, 1], [2]]",1⊕2,0.15,1000000.0,0.03,0.86,2.3
2.3,"[[0], [1], [2]]",split,0.15,1000000.0,0.03,0.88,2.3
2.3,"[[0], [1], [2]]",split,0.15,1000000.0,0.03,0.9,2.3
2.3,"[[0], [1], [2]]",split,0.15,1000000.0,0.03,0.92,2.3
2.3,"[[0], [1], [2]]",split,0.15,1000000.0,0.03,0.94,2.3
2.3,"[[0], [1], [2]]",split,0.15,1000000.0,0.03,0.96,2.3
2.3,"[[0], [1], [2]]",split,0.15,1000000.0,0.03,0.98,2.3
2.3,"[[0], [1], [2]]",split,0.15,1000000.0,0.03,1.0,2.3
2.3,"[[0], [1], [2]]",split,0.15,1000000.0,0.03,1.02,2.3
2.3,"[[0], [1], [2]]",split,0.15,1000000.0,0.03,1.04,2.3
2.3,"[[0], [1], [2]]",split,0.15,1000000.0,0.03,1.06,2.3
2.3,"[[0], [1], [2]]",split,0.15,1000000.0,0.03,1.08,2.3
2.3,"[[0], [1], [2]]",split,0.15,1000000.0,0.03,1.1,2.3
2.3,"[[0], [1], [2]]",split,0.15,1000000.0,0.03,1.12,2.3
2.3,"[[0], [1], [2]]",split,0.15,1000000.0,0.03,1.14,2.3
2.3,"[[0], [1], [2]]",split,0.15,1000000.0,0.03,1.16,2.3
2.3,"[[0], [1], [2]]",split,0.15,1000000.0,0.03,1.18,2.3
2.3,"[[0], [1], [2]]",split,0.15,1000000.0,0.03,1.2,2.3
2.4,"[[0], [1], [2]]",split,0.15,1000000.0,0.03,0.6,2.4
2.4,"[[0], [1], [2]]",split,0.15,1000000.0,0.03,0.62,2.4
2.4,"[[0], [1], [2]]",split,0.15,1000000.0,0.03,0.64,2.4
2.4,"[[0], [1], [2]]",split,0.15,1000000.0,0.03,0.66,2.4
2.4,"[[0], [1], [2]]",split,0.15,1000000.0,0.03,0.68,2.4
2.4,"[[0], [1], [2]]",split,0.15,1000000.0,0.03,0.7,2.4
2.4,"[[0], [1], [2]]",split,0.15,1000000.0,0.03,0.72,2.4
2.4,"[[0], [1, 2]]",1⊕2,0.15,1000000.0,0.03,0.74,2.4
2.4,"[[0], [1, 2]]",1⊕2,0.15,1000000.0,0.03,0.76,2.4
2.4,"[[0], [1], [2]]",split,0.15,1000000.0,0.03,0.78,2.4
2.4,"[[0, 1], [2]]",1⊕2,0.15,1000000.0,0.03,0.8,2.4
2.4,"[[0, 1], [2]]",1⊕2,0.15,1000000.0,0.03,0.82,2.4
2.4,"[[0, 1], [2]]",1⊕2,0.15,1000000.0,0.03,0.84,2.4
2.4,"[[0], [1], [2]]",split,0.15,1000000.0,0.03,0.86,2.4
2.4,"[[0], [1], [2]]",split,0.15,1000000.0,0.03,0.88,2.4
2.4,"[[0], [1], [2]]",split,0.15,1000000.0,0.03,0.9,2.4
2.4,"[[0], [1], [2]]",split,0.15,1000000.0,0.03,0.92,2.4
2.4,"[[0], [1], [2]]",split,0.15,1000000.0,0.03,0.94,2.4
2.4,"[[0], [1], [2]]",split,0.15,1000000.0,0.03,0.96,2.4
2.4,"[[0], [1], [2]]",split,0.15,1000000.0,0.03,0.98,2.4
2.4,"[[0], [1], [2]]",split,0.15,1000000.0,0.03,1.0,2.4
2.4,"[[0], [1], [2]]",split,0.15,1000000.0,0.03,1.02,2.4
2.4,"[[0], [1], [2]]",split,0.15,1000000.0,0.03,1.04,2.4
2.4,"[[0], [1], [2]]",split,0.15,1000000.0,0.03,1.06,2.4
2.4,"[[0], [1], [2]]",split,0.15,1000000.0,0.03,1.08,2.4
2.4,"[[0], [1], [2]]",split,0.15,1000000.0,0.03,1.1,2.4
2.4,"[[0], [1], [2]]",split,0.15,1000000.0,0.03,1.12,2.4
2.4,"[[0], [1], [2]]",split,0.15,1000000.0,0.03,1.14,2.4
2.4,"[[0], [1], [2]]",split,0.15,1000000.0,0.03,1.16,2.4
2.4,"[[0], [1], [2]]",split,0.15,1000000.0,0.03,1.18,2.4
2.4,"[[0], [1], [2]]",split,0.15,1000000.0,0.03,1.2,2.4
2.5,"[[0], [1], [2]]",split,0.15,1000000.0,0.03,0.6,2.5
2.5,"[[0], [1], [2]]",split,0.15,1000000.0,0.03,0.62,2.5
2.5,"[[0], [1], [2]]",split,0.15,1000000.0,0.03,0.64,2.5
2.5,"[[0], [1], [2]]",split,0.15,1000000.0,0.03,0.66,2.5
2.5,"[[0], [1], [2]]",split,0.15,1000000.0,0.03,0.68,2.5
2.5,"[[0], [1], [2]]",split,0.15,1000000.0,0.03,0.7,2.5
2.5,"[[0], [1, 2]]",1⊕2,0.15,1000000.0,0.03,0.72,2.5
2.5,"[[0], [1, 2]]",1⊕2,0.15,1000000.0,0.03,0.74,2.5
2.5,"[[0], [1], [2]]",split,0.15,1000000.0,0.03,0.76,2.5
2.5,"[[0, 1], [2]]",1⊕2,0.15,1000000.0,0.03,0.78,2.5
2.5,"[[0, 1], [2]]",1⊕2,0.15,1000000.0,0.03,0.8,2.5
2.5,"[[0, 1], [2]]",1⊕2,0.15,1000000.0,0.03,0.82,2.5
2.5,"[[0], [1], [2]]",split,0.15,1000000.0,0.03,0.84,2.5
2.5,"[[0], [1], [2]]",split,0.15,1000000.0,0.03,0.86,2.5
2.5,"[[0], [1], [2]]",split,0.15,1000000.0,0.03,0.88,2.5
2.5,"[[0], [1], [2]]",split,0.15,1000000.0,0.03,0.9,2.5
2.5,"[[0], [1], [2]]",split,0.15,1000000.0,0.03,0.92,2.5
2.5,"[[0], [1], [2]]",split,0.15,1000000.0,0.03,0.94,2.5
2.5,"[[0], [1], [2]]",split,0.15,1000000.0,0.03,0.96,2.5
2.5,"[[0], [1], [2]]",split,0.15,1000000.0,0.03,0.98,2.5
2.5,"[[0], [1], [2]]",split,0.15,1000000.0,0.03,1.0,2.5
2.5,"[[0], [1], [2]]",split,0.15,1000000.0,0.03,1.02,2.5
2.5,"[[0], [1], [2]]",split,0.15,1000000.0,0.03,1.04,2.5
2.5,"[[0], [1], [2]]",split,0.15,1000000.0,0.03,1.06,2.5
2.5,"[[0], [1], [2]]",split,0.15,1000000.0,0.03,1.08,2.5
2.5,"[[0], [1], [2]]",split,0.15,1000000.0,0.03,1.1,2.5
2.5,"[[0], [1], [2]]",split,0.15,1000000.0,0.03,1.12,2.5
2.5,"[[0], [1], [2]]",split,0.15,1000000.0,0.03,1.14,2.5
2.5,"[[0], [1], [2]]",split,0.15,1000000.0,0.03,1.16,2.5
2.5,"[[0], [1], [2]]",split,0.15,1000000.0,0.03,1.18,2.5
2.5,"[[0], [1], [2]]",split,0.15,1000000.0,0.03,1.2,2.5
2.6,"[[0], [1], [2]]",split,0.15,1000000.0,0.03,0.6,2.6
2.6,"[[0], [1], [2]]",split,0.15,1000000.0,0.03,0.62,2.6
2.6,"[[0], [1], [2]]",split,0.15,1000000.0,0.03,0.64,2.6
2.6,"[[0], [1], [2]]",split,0.15,1000000.0,0.03,0.66,2.6
2.6,"[[0], [1], [2]]",split,0.15,1000000.0,0.03,0.68,2.6
2.6,"[[0], [1], [2]]",split,0.15,1000000.0,0.03,0.7,2.6
2.6,"[[0], [1, 2]]",1⊕2,0.15,1000000.0,0.03,0.72,2.6
2.6,"[[0], [1, 2]]",1⊕2,0.15,1000000.0,0.03,0.74,2.6
2.6,"[[0], [1], [2]]",split,0.15,1000000.0,0.03,0.76,2.6
2.6,"[[0, 1], [2]]",1⊕2,0.15,1000000.0,0.03,0.78,2.6
2.6,"[[0, 1], [2]]",1⊕2,0.15,1000000.0,0.03,0.8,2.6
2.6,"[[0, 1], [2]]",1⊕2,0.15,1000000.0,0.03,0.82,2.6
2.6,"[[0], [1], [2]]",split,0.15,1000000.0,0.03,0.84,2.6
2.6,"[[0], [1], [2]]",split,0.15,1000000.0,0.03,0.86,2.6
2.6,"[[0], [1], [2]]",split,0.15,1000000.0,0.03,0.88,2.6
2.6,"[[0], [1], [2]]",split,0.15,1000000.0,0.03,0.9,2.6
2.6,"[[0], [1], [2]]",split,0.15,1000000.0,0.03,0.92,2.6
2.6,"[[0], [1], [2]]",split,0.15,1000000.0,0.03,0.94,2.6
2.6,"[[0], [1], [2]]",split,0.15,1000000.0,0.03,0.96,2.6
2.6,"[[0], [1], [2]]",split,0.15,1000000.0,0.03,0.98,2.6
2.6,"[[0], [1], [2]]",split,0.15,1000000.0,0.03,1.0,2.6
2.6,"[[0], [1], [2]]",split,0.15,1000000.0,0.03,1.02,2.6
2.6,"[[0], [1], [2]]",split,0.15,1000000.0,0.03,1.04,2.6
2.6,"[[0], [1], [2]]",split,0.15,1000000.0,0.03,1.06,2.6
2.6,"[[0], [1], [2]]",split,0.15,1000000.0,0.03,1.08,2.6
2.6,"[[0], [1], [2]]",split,0.15,1000000.0,0.03,1.1,2.6
2.6,"[[0], [1], [2]]",split,0.15,1000000.0,0.03,1.12,2.6
2.6,"[[0], [1], [2]]",split,0.15,1000000.0,0.03,1.14,2.6
2.6,"[[0], [1], [2]]",split,0.15,1000000.0,0.03,1.16,2.6
2.6,"[[0], [1], [2]]",split,0.15,1000000.0,0.03,1.18,2.6
2.6,"[[0], [1], [2]]",split,0.15,1000000.0,0.03,1.2,2.6
2.7,"[[0], [1], [2]]",split,0.15,1000000.0,0.03,0.6,2.7
2.7,"[[0], [1], [2]]",split,0.15,1000000.0,0.03,0.62,2.7
2.7,"[[0], [1], [2]]",split,0.15,1000000.0,0.03,0.64,2.7
2.7,"[[0], [1], [2]]",split,0.15,1000000.0,0.03,0.66,2.7
2.7,"[[0], [1], [2]]",split,0.15,1000000.0,0.03,0.68,2.7
2.7,"[[0], [1, 2]]",1⊕2,0.15,1000000.0,0.03,0.7,2.7
2.7,"[[0], [1, 2]]",1⊕2,0.15,1000000.0,0.03,0.72,2.7
2.7,"[[0], [1, 2]]",1⊕2,0.15,1000000.0,0.03,0.74,2.7
2.7,"[[0], [1], [2]]",split,0.15,1000000.0,0.03,0.76,2.7
2.7,"[[0, 1], [2]]",1⊕2,0.15,1000000.0,0.03,0.78,2.7
2.7,"[[0, 1], [2]]",1⊕2,0.15,1000000.0,0.03,0.8,2.7
2.7,"[[0, 1], [2]]",1⊕2,0.15,1000000.0,0.03,0.82,2.7
2.7,"[[0], [1], [2]]",split,0.15,1000000.0,0.03,0.84,2.7
2.7,"[[0], [1], [2]]",split,0.15,1000000.0,0.03,0.86,2.7
2.7,"[[0], [1], [2]]",split,0.15,1000000.0,0.03,0.88,2.7
2.7,"[[0], [1], [2]]",split,0.15,1000000.0,0.03,0.9,2.7
2.7,"[[0], [1], [2]]",split,0.15,1000000.0,0.03,0.92,2.7
2.7,"[[0], [1], [2]]",split,0.15,1000000.0,0.03,0.94,2.7
2.7,"[[0], [1], [2]]",split,0.15,1000000.0,0.03,0.96,2.7
2.7,"[[0], [1], [2]]",split,0.15,1000000.0,0.03,0.98,2.7
2.7,"[[0], [1], [2]]",split,0.15,1000000.0,0.03,1.0,2.7
2.7,"[[0], [1], [2]]",split,0.15,1000000.0,0.03,1.02,2.7
2.7,"[[0], [1], [2]]",split,0.15,1000000.0,0.03,1.04,2.7
2.7,"[[0], [1], [2]]",split,0.15,1000000.0,0.03,1.06,2.7
2.7,"[[0], [1], [2]]",split,0.15,1000000.0,0.03,1.08,2.7
2.7,"[[0], [1], [2]]",split,0.15,1000000.0,0.03,1.1,2.7
2.7,"[[0], [1], [2]]",split,0.15,1000000.0,0.03,1.12,2.7
2.7,"[[0], [1], [2]]",split,0.15,1000000.0,0.03,1.14,2.7
2.7,"[[0], [1], [2]]",split,0.15,1000000.0,0.03,1.16,2.7
2.7,"[[0], [1], [2]]",split,0.15,1000000.0,0.03,1.18,2.7
2.7,"[[0], [1], [2]]",split,0.15,1000000.0,0.03,1.2,2.7
2.8,"[[0], [1], [2]]",split,0.15,1000000.0,0.03,0.6,2.8
2.8,"[[0], [1], [2]]",split,0.15,1000000.0,0.03,0.62,2.8
2.8,"[[0], [1], [2]]",split,0.15,1000000.0,0.03,0.64,2.8
2.8,"[[0], [1], [2]]",split,0.15,1000000.0,0.03,0.66,2.8
2.8,"[[0], [1], [2]]",split,0.15,1000000.0,0.03,0.68,2.8
2.8,"[[0], [1, 2]]",1⊕2,0.15,1000000.0,0.03,0.7,2.8
2.8,"[[0], [1, 2]]",1⊕2,0.15,1000000.0,0.03,0.72,2.8
2.8,"[[0], [1], [2]]",split,0.15,1000000.0,0.03,0.74,2.8
2.8,"[[0, 1], [2]]",1⊕2,0.15,1000000.0,0.03,0.76,2.8
2.8,"[[0, 1], [2]]",1⊕2,0.15,1000000.0,0.03,0.78,2.8
2.8,"[[0, 1], [2]]",1⊕2,0.15,1000000.0,0.03,0.8,2.8
2.8,"[[0, 1], [2]]",1⊕2,0.15,1000000.0,0.03,0.82,2.8
2.8,"[[0], [1], [2]]",split,0.15,1000000.0,0.03,0.84,2.8
2.8,"[[0], [1], [2]]",split,0.15,1000000.0,0.03,0.86,2.8
2.8,"[[0], [1], [2]]",split,0.15,1000000.0,0.03,0.88,2.8
2.8,"[[0], [1], [2]]",split,0.15,1000000.0,0.03,0.9,2.8
2.8,"[[0], [1], [2]]",split,0.15,1000000.0,0.03,0.92,2.8
2.8,"[[0], [1], [2]]",split,0.15,1000000.0,0.03,0.94,2.8
2.8,"[[0], [1], [2]]",split,0.15,1000000.0,0.03,0.96,2.8
2.8,"[[0], [1], [2]]",split,0.15,1000000.0,0.03,0.98,2.8
2.8,"[[0], [1], [2]]",split,0.15,1000000.0,0.03,1.0,2.8
2.8,"[[0], [1], [2]]",split,0.15,1000000.0,0.03,1.02,2.8
2.8,"[[0], [1], [2]]",split,0.15,1000000.0,0.03,1.04,2.8
2.8,"[[0], [1], [2]]",split,0.15,1000000.0,0.03,1.06,2.8
2.8,"[[0], [1], [2]]",split,0.15,1000000.0,0.03,1.08,2.8
2.8,"[[0], [1], [2]]",split,0.15,1000000.0,0.03,1.1,2.8
2.8,"[[0], [1], [2]]",split,0.15,1000000.0,0.03,1.12,2.8
2.8,"[[0], [1], [2]]",split,0.15,1000000.0,0.03,1.14,2.8
2.8,"[[0], [1], [2]]",split,0.15,1000000.0,0.03,1.16,2.8
2.8,"[[0], [1], [2]]",split,0.15,1000000.0,0.03,1.18,2.8
2.8,"[[0], [1], [2]]",split,0.15,1000000.0,0.03,1.2,2.8
2.9,"[[0], [1], [2]]",split,0.15,1000000.0,0.03,0.6,2.9
2.9,"[[0], [1], [2]]",split,0.15,1000000.0,0.03,0.62,2.9
2.9,"[[0], [1], [2]]",split,0.15,1000000.0,0.03,0.64,2.9
2.9,"[[0], [1], [2]]",split,0.15,1000000.0,0.03,0.66,2.9
2.9,"[[0], [1], [2]]",split,0.15,1000000.0,0.03,0.68,2.9
2.9,"[[0], [1, 2]]",1⊕2,0.15,1000000.0,0.03,0.7,2.9
2.9,"[[0], [1, 2]]",1⊕2,0.15,1000000.0,0.03,0.72,2.9
2.9,"[[0], [1], [2]]",split,0.15,1000000.0,0.03,0.74,2.9
2.9,"[[0, 1], [2]]",1⊕2,0.15,1000000.0,0.03,0.76,2.9
2.9,"[[0, 1], [2]]",1⊕2,0.15,1000000.0,0.03,0.78,2.9
2.9,"[[0, 1], [2]]",1⊕2,0.15,1000000.0,0.03,0.8,2.9
2.9,"[[0, 1], [2]]",1⊕2,0.15,1000000.0,0.03,0.82,2.9
2.9,"[[0], [1], [2]]",split,0.15,1000000.0,0.03,0.84,2.9
2.9,"[[0], [1], [2]]",split,0.15,1000000.0,0.03,0.86,2.9
2.9,"[[0], [1], [2]]",split,0.15,1000000.0,0.03,0.88,2.9
2.9,"[[0], [1], [2]]",split,0.15,1000000.0,0.03,0.9,2.9
2.9,"[[0], [1], [2]]",split,0.15,1000000.0,0.03,0.92,2.9
2.9,"[[0], [1], [2]]",split,0.15,1000000.0,0.03,0.94,2.9
2.9,"[[0], [1], [2]]",split,0.15,1000000.0,0.03,0.96,2.9
2.9,"[[0], [1], [2]]",split,0.15,1000000.0,0.03,0.98,2.9
2.9,"[[0], [1], [2]]",split,0.15,1000000.0,0.03,1.0,2.9
2.9,"[[0], [1], [2]]",split,0.15,1000000.0,0.03,1.02,2.9
2.9,"[[0], [1], [2]]",split,0.15,1000000.0,0.03,1.04,2.9
2.9,"[[0], [1], [2]]",split,0.15,1000000.0,0.03,1.06,2.9
2.9,"[[0], [1], [2]]",split,0.15,1000000.0,0.03,1.08,2.9
2.9,"[[0], [1], [2]]",split,0.15,1000000.0,0.03,1.1,2.9
2.9,"[[0], [1], [2]]",split,0.15,1000000.0,0.03,1.12,2.9
2.9,"[[0], [1], [2]]",split,0.15,1000000.0,0.03,1.14,2.9
2.9,"[[0], [1], [2]]",split,0.15,1000000.0,0.03,1.16,2.9
2.9,"[[0], [1], [2]]",split,0.15,1000000.0,0.03,1.18,2.9
2.9,"[[0], [1], [2]]",split,0.15,1000000.0,0.03,1.2,2.9
3.0,"[[0], [1], [2]]",split,0.15,1000000.0,0.03,0.6,3.0
3.0,"[[0], [1], [2]]",split,0.15,1000000.0,0.03,0.62,3.0
3.0,"[[0], [1], [2]]",split,0.15,1000000.0,0.03,0.64,3.0
3.0,"[[0], [1], [2]]",split,0.15,1000000.0,0.03,0.66,3.0
3.0,"[[0], [1, 2]]",1⊕2,0.15,1000000.0,0.03,0.68,3.0
3.0,"[[0], [1, 2]]",1⊕2,0.15,1000000.0,0.03,0.7,3.0
3.0,"[[0], [1, 2]]",1⊕2,0.15,1000000.0,0.03,0.72,3.0
3.0,"[[0], [1], [2]]",split,0.15,1000000.0,0.03,0.74,3.0
3.0,"[[0, 1], [2]]",1⊕2,0.15,1000000.0,0.03,0.76,3.0
3.0,"[[0, 1], [2]]",1⊕2,0.15,1000000.0,0.03,0.78,3.0
3.0,"[[0], [1], [2]]",split,0.15,1000000.0,0.03,0.8,3.0
3.0,"[[0], [1], [2]]",split,0.15,1000000.0,0.03,0.82,3.0
3.0,"[[0], [1], [2]]",split,0.15,1000000.0,0.03,0.84,3.0
3.0,"[[0], [1], [2]]",split,0.15,1000000.0,0.03,0.86,3.0
3.0,"[[0], [1], [2]]",split,0.15,1000000.0,0.03,0.88,3.0
3.0,"[[0], [1], [2]]",split,0.15,1000000.0,0.03,0.9,3.0
3.0,"[[0], [1], [2]]",split,0.15,1000000.0,0.03,0.92,3.0
3.0,"[[0], [1], [2]]",split,0.15,1000000.0,0.03,0.94,3.0
3.0,"[[0], [1], [2]]",split,0.15,1000000.0,0.03,0.96,3.0
3.0,"[[0], [1], [2]]",split,0.15,1000000.0,0.03,0.98,3.0
3.0,"[[0], [1], [2]]",split,0.15,1000000.0,0.03,1.0,3.0
3.0,"[[0], [1], [2]]",split,0.15,1000000.0,0.03,1.02,3.0
3.0,"[[0], [1], [2]]",split,0.15,1000000.0,0.03,1.04,3.0
3.0,"[[0], [1], [2]]",split,0.15,1000000.0,0.03,1.06,3.0
3.0,"[[0], [1], [2]]",split,0.15,1000000.0,0.03,1.08,3.0
3.0,"[[0], [1], [2]]",split,0.15,1000000.0,0.03,1.1,3.0
3.0,"[[0], [1], [2]]",split,0.15,1000000.0,0.03,1.12,3.0
3.0,"[[0], [1], [2]]",split,0.15,1000000.0,0.03,1.14,3.0
3.0,"[[0], [1], [2]]",split,0.15,1000000.0,0.03,1.16,3.0
3.0,"[[0], [1], [2]]",split,0.15,1000000.0,0.03,1.18,3.0
3.0,"[[0], [1], [2]]",split,0.15,1000000.0,0.03,1.2,3.0
